{"cameraMode":{"drawMode":0,"name":"Shaded","section":"Shading Mode"},"sceneLighting":true,"audioPlay":false,"sceneViewState":{"m_AlwaysRefresh":false,"showFog":true,"showSkybox":true,"showFlares":true,"showImageEffects":true,"showParticleSystems":true,"showVisualEffectGraphs":true,"m_FxEnabled":true},"in2DMode":false,"pivot":{"x":0.30258989334106448,"y":1.8344873189926148,"z":-6.029432773590088},"rotation":{"x":0.020094074308872224,"y":0.7643444538116455,"z":0.02384842187166214,"w":-0.6440579295158386},"size":4.040381908416748,"orthographic":false}