{"cameraMode":{"drawMode":0,"name":"Shaded","section":"Shading Mode"},"sceneLighting":false,"audioPlay":false,"sceneViewState":{"m_AlwaysRefresh":false,"showFog":true,"showSkybox":false,"showFlares":true,"showImageEffects":true,"showParticleSystems":true,"showVisualEffectGraphs":true,"m_FxEnabled":true},"in2DMode":false,"pivot":{"x":0.03005947358906269,"y":0.6087414026260376,"z":0.36956143379211428},"rotation":{"x":-0.00013515683531295508,"y":0.9936448931694031,"z":-0.11257080733776093,"w":-0.001191039802506566},"size":1.1275171041488648,"orthographic":false}